<!--
  realMethods Confidential
  
  2018 realMethods, Inc.
  All Rights Reserved.
  
  This file is subject to the terms and conditions defined in
  file 'license.txt', which is part of this source code package.
   
  Contributors :
        realMethods Inc - General Release
-->
<tech-stack-package 
	
	xmlns:xsd="http://www.w3.org/2001/XMLSchema"
   
    description="Tech stack using AWS Lambda as the service layer, and Spark web framework with Hibernate as a Restful DAO persistence layer" 
    name="AWS Lambda RDS v5.0"
    shortName="AWSLambdaRS"
    icon-url="./img/lambda.full.circle.png"
    info-page-url="http://www.realmethods.com/goFramework/infopages/aws-lambda-rds-info-page.html"
    version="5.0"
    app-type="serverless"
    release-status="production">
	<target-languages>
		<target-language name="java"/>
		<target-language name="node.js"/>
		<target-language name="javascript"/>
	</target-languages>
	<tech-stack>
		<tech-stack-component name="lambda" description="servless business delegate" app-layer="business"/>
		<tech-stack-component name="spark web" description="RESTful APIS for DAOs" app-layer="business"/>
		<tech-stack-component name="hibernate rbms" description="ORM for persistence" app-layer="data"/>
		<tech-stack-component name="maven" description="build, commit, package, deploy, run module" app-layer="build"/>
		<tech-stack-component name="junit" description="Junit to test core functionality" app-layer="test"/>			
	</tech-stack>
</tech-stack-package>